"name","title","category","purpose","style"
Button,Button,component,Interactive button with actions,"{
	""display"": ""inline-flex"", 
	""alignItems"": ""center"", 
	""justifyContent"": ""center"", 
	""padding"": ""8px 16px"", 
	""border"": ""none"", 
	""borderRadius"": ""4px"",
  	""backgroundColor"": ""#1976d2"", 
  	""color"": ""white"", 
  	""fontSize"": ""14px"", 
  	""fontWeight"": ""500"", 
  	""cursor"": ""pointer"", 
  	""transition"": ""background-color 0.2s ease""
  }"
Chart,Chart Display,component,Data visualization chart,"{
	""display"": ""block"", 
	""width"": ""100%"", 
	""height"": ""400px"", 
	""border"": ""1px solid #e0e0e0"", 
	""borderRadius"": ""4px"", 
	""backgroundColor"": ""#ffffff""
}"
Form,Form,component,Input form with validation,"{
    ""display"": ""flex"",
    ""flexDirection"": ""column"",
    ""gap"": ""16px"",
    ""padding"": ""24px"",
    ""boxShadow"": ""0 4px 12px rgba(0,0,0,0.1)"",
    ""borderRadius"": ""8px""
  }"
Grid,Data Grid,component,Tabular data display with sorting/filtering,"{
    ""display"": ""block"",
    ""width"": ""100%"",
    ""maxHeight"": ""500px"",
    ""border"": ""1px solid #e1e4e8"",
    ""borderRadius"": ""6px"",
    ""backgroundColor"": ""#ffffff"",
    ""overflow"": ""auto"",
    ""boxShadow"": ""0 1px 3px rgba(0,0,0,0.08)"",
    ""fontFamily"": ""system-ui, -apple-system, sans-serif""
  }"
Iframe,IFrame,component,,"{""width"": ""100%"", ""height"": ""600px"", ""border"": ""none""}"
Select,Dropdown Select,component,Selection dropdown with options,"{
	""display"": ""inline-block"", 
	""position"": ""relative"", 
	""width"": ""200px"", 
	""border"": ""1px solid #ccc"", 
	""borderRadius"": ""4px"", 
	""backgroundColor"": ""white"",
  	""fontSize"": ""14px"", 
  	""cursor"": ""pointer""
}"
